FeatureSubsetRemoved,LOVO_MSE_Sum
None (All),0.00026245073689950437
Geometry,0.00026769975163749447
Textures,0.00025982622953050935
GLCM,0.0002650752442684994
Sentinel Proxies,0.0002663874979529969
