FeatureSubsetRemoved,LOVO_MSE_Sum
None (All),0.000387934174206199
Geometry,0.00039569285769032296
Textures,0.000384054832464137
GLCM,0.000391813515948261
Sentinel Proxies,0.0003937531868192919
