FeatureSubsetRemoved,LOVO_MSE_Sum
None (All),0.00016568966766884608
Geometry,0.000169003461022223
Textures,0.0001640327709921576
GLCM,0.00016734656434553454
Sentinel Proxies,0.00016817501268387875
