FeatureSubsetRemoved,LOVO_MSE_Sum
None (All),0.00013346712176338604
Geometry,0.00013613646419865377
Textures,0.00013213245054575218
GLCM,0.0001348017929810199
Sentinel Proxies,0.00013546912858983682
