Crop,Precision,Recall,F1,Support
Rice,0.912816691505216,0.7483200977397678,0.8224236320913058,3274
Cotton,0.9588633188736122,0.9719406767029364,0.9653577112402384,26836
Maize,0.9452685016260808,0.9403456166653515,0.9428006329113924,12673
Bajra,0.9987277353689568,0.9961928934010152,0.9974587039390089,1576
Groundnut,0.973420000610333,0.9822324865280986,0.9778063883268959,32475
