Crop,Precision,Recall,F1,Support
Rice,0.9766192733017378,0.9441050702504582,0.9600869700264016,3274
Cotton,0.9829660067239447,0.9805485169175734,0.981755773607432,26836
Maize,0.9745350043905164,0.9633078197743233,0.9688888888888889,12673
Bajra,0.9993654822335025,0.9993654822335025,0.9993654822335025,1576
Groundnut,0.9829857299670691,0.9927020785219399,0.987820011950177,32475
